<?xml version="1.0" encoding="UTF-8" standalone="yes"?>
<addon id="iddly.github.io" name="Iddly Repository" version="1.0" provider-name="Iddly">
    <extension point="xbmc.addon.repository" name="Iddly Repository">
        <dir>
            <info compressed="false">https://raw.githubusercontent.com/Iddly/iddly.github.io/master/Kodi/repo/zips/addons.xml</info>
            <checksum>https://raw.githubusercontent.com/Iddly/iddly.github.io/master/Kodi/repo/zips/addons.xml.md5</checksum>
            <datadir zip="true">https://raw.githubusercontent.com/Iddly/iddly.github.io/master/Kodi/repo/zips/</datadir>
        </dir>
    </extension>
    <extension point="xbmc.addon.metadata">
        <summary>Iddly Repository</summary>
        <description>Kodi Repo for distributing builds to alternative devices</description>
        <disclaimer></disclaimer>
        <platform>all</platform>
        <assets>
            <icon>icon.png</icon>
            <fanart>fanart.jpg</fanart>
        </assets>
    </extension>
</addon>